Price,Mileage,Details
"$27,985","41,618 km",2016 Nissan 370Z Coupe Manual
"$26,990","86,848 km","2016 Nissan 370Z Coupe Manuelle *WOW SUPERBE LOOK! Mags 20po,Ailero"
"$26,900","21,300 km",2013 Nissan 370Z 2dr Cpe Man Touring
"$23,495","44,810 km",2011 Nissan 370Z 6sp
"$23,495","44,810 km",2018 Nissan 370Z Manual
"$29,998","37,000 km",2018 Nissan 370Z Manuelle 3.7L V6 *TR&#200;S PROPRE!!!
"$29,990","51,633 km",2017 Nissan 370Z 2dr-Cpe-Manuel x 6-Touring-BLUEOOTH-GR ELECTRIQU
"$29,990","37,783 km",2017 Nissan 370Z 2dr Cpe Man
"$29,890","6,700 km",2016 Nissan 370Z 2dr Cpe Man
"$29,000","56,000 km",2017 Nissan 370Z 2dr Cpe Man
"$28,950","20,000 km",2017 Nissan 370Z 2dr Cpe Man
"$28,500","15,897 km",2019 Nissan 370Z Sport Manual
"$28,500","25,758 km","2017 Nissan 370Z Coupe, Bluetooth, Black Alloys, New Rear Tires!"
"$27,995","59,932 km",2016 Nissan 370Z Base | Manual | Claim Free | Low Km&#39;s |
"$27,990","54,958 km",2016 Nissan 370Z Coupe Manual
"$27,985","41,618 km",2013 Nissan 370Z Touring| 6-SPEED MANUAL| LEATHER| VERY LOW KM&#39;S
"$27,900","41,920 km",2017 Nissan 370Z 2dr Cpe Man Touring
"$27,777","67,591 km",2014 Nissan 370Z 2dr Cpe Man Touring
"$27,000","630,000 km",2012 Nissan 370Z 2dr Cpe Man Touring
"$27,000","70,000 km",2016 Nissan 370Z MANUELLE BLUETOOTH MAGS
"$26,999","26,316 km","2016 Nissan 370Z Coupe Manuelle *WOW SUPERBE LOOK! Mags 20po,Ailero"
"$26,990","86,848 km",2013 Nissan 370Z 2dr Cpe Man Touring
"$26,900","21,300 km",2013 Nissan 370Z 2dr Cpe Man Touring
"$26,900","21,300 km",2013 Nissan 370Z 2dr Cpe Man Touring
"$26,900","27,700 km",2016 Nissan 370Z 2dr Cpe Man
"$26,900","45,000 km",2016 Nissan 370Z Manuelle 3.7L V6 *Exhaust Sport! Tr&#232;s propre
"$25,990","118,124 km",2016 Nissan 370Z Coupe | Manual Transmission | High Intensity Headl
"$24,995","51,410 km",2011 Nissan 370Z 2dr Cpe Man Touring
"$23,900","69,000 km",2012 Nissan 370Z 2dr Cpe Man Touring
"$23,500","46,000 km",2011 Nissan 370Z 6sp
"$23,495","44,810 km",2012 Nissan 370Z 2dr Cpe Man Touring
"$22,990","76,000 km",2012 Nissan 370Z 2dr Cpe Man Touring
"$22,900","129,000 km",2012 Nissan 370Z 2dr Cpe Man Touring
"$22,000","77,500 km",2011 Nissan 370Z 2dr Roadster Manual Touring
"$21,999","74,000 km",2010 Nissan 370Z TOURING
"$21,900","140,757 km",2010 Nissan 370Z 2dr Cpe Man Touring
"$21,500","122,000 km","2010 Nissan 370Z Touring Leather,Alloys,Push Button Start,Bluetooth"
"$20,995","90,140 km",2010 Nissan 370Z OPTION SPORT
"$20,995","89,000 km",2009 Nissan 370Z 2dr Cpe Man Touring
"$20,000","170,000 km",2006 Nissan 370Z ROADSTER Grand touring 350z
